FIS,NNRegressor,NNClassifier,Mean Absolute Error,Mean Squared Error
0.45,0.36091281397155667,Increase,0.20215759703946423,0.07006442891759238
0.62,0.8054944038566505,Increase,,
0.81,0.7674321657860179,Increase,,
0.81,0.5799768255369548,Increase,,
0.5,0.46255361690423574,Increase,,
0.29,0.34115656958323587,Increase,,
-0.58,-0.3369882441237681,Decrease,,
-0.46,-0.27914158811320816,Decrease,,
-0.74,-0.3599749764278309,Decrease,,
-0.9,-0.661082452715907,Decrease,,
